{"cameraMode":{"drawMode":0,"name":"Shaded","section":"Shading Mode"},"sceneLighting":false,"audioPlay":false,"sceneViewState":{"m_AlwaysRefresh":false,"showFog":true,"showSkybox":false,"showFlares":true,"showImageEffects":true,"showParticleSystems":true,"showVisualEffectGraphs":true,"m_FxEnabled":true},"in2DMode":false,"pivot":{"x":-0.9970705509185791,"y":2.8778579235076906,"z":4.864382266998291},"rotation":{"x":0.003035704605281353,"y":0.9965123534202576,"z":-0.07268364727497101,"w":0.04168025776743889},"size":0.4997967481613159,"orthographic":false}