{"cameraMode":{"drawMode":0,"name":"Shaded","section":"Shading Mode"},"sceneLighting":true,"audioPlay":false,"sceneViewState":{"m_AlwaysRefresh":false,"showFog":true,"showSkybox":true,"showFlares":true,"showImageEffects":true,"showParticleSystems":true,"showVisualEffectGraphs":true,"m_FxEnabled":true},"in2DMode":false,"pivot":{"x":908.7454833984375,"y":648.0288696289063,"z":255.0267333984375},"rotation":{"x":-0.007499749772250652,"y":0.004499714355915785,"z":0.000033527125196997076,"w":0.9999635815620422},"size":913.2786865234375,"orthographic":true}